,original_index,context_translated,question_translated,text_translated
0,1953,"ආර්ථික විද්‍යා Paul පෝල් කෘග්මන් සහ එක්සත් ජනපද භාණ්ඩාගාර ලේකම් තිමෝති ගීත්නර් වැනි විචාරකයින් තර්ක කර ඇත්තේ නියාමන රාමුව සෙවනැලි බැංකු ක්‍රමයේ වැඩි වන වැදගත්කම, ව්‍යුත්පන්නයන් සහ ශේෂ පත්‍රයෙන් මුදල් සැපයීම වැනි මූල්‍ය නවෝත්පාදනයන් සමඟ නොගැලපෙන බවයි. මෑතදී ඕඊසීඩී අධ්‍යයනයකින් හෙළි වූයේ බාසල් ගිවිසුම් මත පදනම් වූ බැංකු නියාමනය සාම්ප්‍රදායික නොවන ව්‍යාපාරික භාවිතයන් දිරිමත් කරන අතර මූල්‍ය අර්බුදයට දායක වූ හෝ ශක්තිමත් කළ බවයි. වෙනත් අවස්ථාවල දී, මූල්‍ය පද්ධතියේ සමහර කොටස්වල නීති වෙනස් කිරීම හෝ බලාත්මක කිරීම දුර්වල විය. ප්‍රධාන උදාහරණ අතරට: බටහිරින් සංක්‍රමණය වීමෙන් පසු පරම්පරාවන්හි, පෝලන්තය, රුසියාව සහ බෙලාරුස් වැනි ස්ථානවල යුදෙව් ප්‍රජාවන් සාපේක්ෂව ස්ථාවර සමාජ-දේශපාලන පරිසරයක් භුක්ති වින්දා. සශ්‍රීක ප්‍රකාශන කර්මාන්තයක් සහ බයිබලානුකුල විවරණ සිය ගණනක් මුද්‍රණය කිරීම හසිඩික් ව්‍යාපාරයේ මෙන්ම ප්‍රධාන යුදෙව් අධ්‍යයන මධ්‍යස්ථානවල වර්ධනයට හේතු විය. නව ජාතීන්ගේ සංසන්දනාත්මක ඉවසීමේ ශතවර්ෂ දෙකකට පසු, 19 වන සහ 20 වන සියවස් වලදී නැගෙනහිර දෙසින් සිදු වූ සංහාරයන්ට සහ ලෝකයේ වෙනත් රටවල ආර්ථික අවස්ථාවන්ට ප්‍රතිචාර වශයෙන් දැවැන්ත බටහිර දෙසට සංක්‍රමණය විය. අෂ්කෙනසි යුදෙව්වන් 1750 සිට ඇමරිකානු යුදෙව් ප්‍රජාවෙන් බහුතරයක් වෙති. ආර්ථික විද්‍යා Paul පෝල් කෘග්මන් සහ එක්සත් ජනපද භාණ්ඩාගාර ලේකම් තිමෝති ගීත්නර් වැනි විචාරකයින් තර්ක කර ඇත්තේ නියාමන රාමුව සෙවනැලි බැංකු ක්‍රමයේ වැඩි වන වැදගත්කම, ව්‍යුත්පන්නයන් සහ ශේෂ පත්‍රයෙන් මුදල් සැපයීම වැනි මූල්‍ය නවෝත්පාදනයන් සමඟ නොගැලපෙන බවයි. මෑතදී ඕඊසීඩී අධ්‍යයනයකින් හෙළි වූයේ බාසල් ගිවිසුම් මත පදනම් වූ බැංකු නියාමනය සාම්ප්‍රදායික නොවන ව්‍යාපාරික භාවිතයන් දිරිමත් කරන අතර මූල්‍ය අර්බුදයට දායක වූ හෝ ශක්තිමත් කළ බවයි. වෙනත් අවස්ථාවල දී, මූල්‍ය පද්ධතියේ සමහර කොටස්වල නීති වෙනස් කිරීම හෝ බලාත්මක කිරීම දුර්වල විය. ප්‍රධාන උදාහරණ අතරට: බටහිරින් සංක්‍රමණය වීමෙන් පසු පරම්පරාවන්හි, පෝලන්තය, රුසියාව සහ බෙලාරුස් වැනි ස්ථානවල යුදෙව් ප්‍රජාවන් සාපේක්ෂව ස්ථාවර සමාජ-දේශපාලන පරිසරයක් භුක්ති වින්දා. සශ්‍රීක ප්‍රකාශන කර්මාන්තයක් සහ බයිබලානුකුල විවරණ සිය ගණනක් මුද්‍රණය කිරීම හසිඩික් ව්‍යාපාරයේ මෙන්ම ප්‍රධාන යුදෙව් අධ්‍යයන මධ්‍යස්ථානවල වර්ධනයට හේතු විය. නව ජාතීන්ගේ සංසන්දනාත්මක ඉවසීමේ ශතවර්ෂ දෙකකට පසු, 19 වන සහ 20 වන සියවස් වලදී නැගෙනහිර දෙසින් සිදු වූ සංහාරයන්ට සහ ලෝකයේ වෙනත් රටවල ආර්ථික අවස්ථාවන්ට ප්‍රතිචාර වශයෙන් දැවැන්ත බටහිර දෙසට සංක්‍රමණය විය. අෂ්කෙනසි යුදෙව්වන් 1750 සිට ඇමරිකානු යුදෙව් ප්‍රජාවෙන් බහුතරයක් වෙති.",තැටියක මුළු ධාරිතාව කොපමණද?,128k
1,1954,"128k 16 වන ශතවර්ෂය වන තුරුම වාසාරිගේ ලිවීමත් සමඟ කලාවේ ශෛලිය පිළිබඳ සංකල්පය වර්ධනය නොවීය: 18 වන සියවස වන විට ඔහුගේ විශිෂ්ටතම චිත්‍ර ශිල්පීන්, මූර්ති ශිල්පීන් සහ ගෘහ නිර්මාණ ශිල්පීන්ගේ ජීවිත ඉතාලි, ප්‍රංශ, ස්පා Spanish ් and සහ ඉංග්‍රීසි භාෂාවලට පරිවර්තනය කර තිබුණි.",කලා ශෛලීන් නිර්මාණය කළේ කවදාද?,16 වන සියවස
2,1955,"පුද්ගලයෙකුගේ ස්වයං වාර්තාවක් වේදනාවේ වඩාත් විශ්වාසදායක මිනුම වන අතර සෞඛ්‍ය සේවා වෘත්තිකයන් බරපතලකම අවතක්සේරු කිරීමට පෙළඹේ. හෙද සේවයේ බහුලව භාවිතා වන වේදනාව පිළිබඳ අර්ථ දැක්වීමක්, එහි ආත්මීය ස්වභාවය සහ රෝගියාගේ වාර්තා විශ්වාස කිරීමේ වැදගත්කම අවධාරණය කරමින් 1968 දී මාගෝ මැකැෆෙරි විසින් හඳුන්වා දෙන ලදී: “වේදනාව යනු අත්දැකීම් ඇති පුද්ගලයා පවසන ඕනෑම දෙයක්, ඔහු පවසන සෑම අවස්ථාවකම පවතී”. තීව්‍රතාවය තක්සේරු කිරීම සඳහා, රෝගියාට ඔවුන්ගේ වේදනාව 0 සිට 10 දක්වා පරිමාණයකින් සොයා ගැනීමට ඉල්ලා සිටිය හැකි අතර, 0 කිසිසේත්ම වේදනාවක් නොමැති අතර, ඔවුන්ට මෙතෙක් දැනී ඇති දරුණුතම වේදනාව 10 කි. මැක්ගිල් වේදනා ප්‍රශ්නාවලිය සම්පූර්ණ කිරීමෙන් රෝගියාගේ වේදනාව වඩාත් හොඳින් විස්තර කරන්නේ කුමන වචනද යන්න සඳහන් කිරීමෙන් ගුණාත්මකභාවය තහවුරු කර ගත හැකිය. මැක්ගිල් වේදනා ප්‍රශ්නාවලිය සම්පූර්ණ කිරීමෙන් රෝගියාගේ වේදනාව වඩාත් හොඳින් විස්තර කරන්නේ කුමන වචනද යන්න සඳහන් කිරීමෙන් ගුණාත්මකභාවය තහවුරු කර ගත හැකිය.",සෞඛ්‍ය සේවා වෘත්තිකයන් අවතක්සේරු කිරීමට නැඹුරු වන්නේ කුමක් ද?,බරපතලකම
3,1956,"එරිත්‍රියාවේ සංස්කෘතිය බොහෝ දුරට හැඩගස්වා ඇත්තේ රට රතු මුහුදේ පිහිටි ස්ථානය අනුව ය. එරිත්‍රියානු සංස්කෘතියේ වඩාත් හඳුනාගත හැකි අංගයක් වන්නේ කෝපි උත්සවයයි. මිතුරන් බැලීමට, උත්සව අවස්ථාවන්හිදී හෝ දෛනික ජීවිතයේ ප්‍රධාන ආහාරයක් ලෙස කෝපි (ගීස්බන්) පිරිනමනු ලැබේ. කෝපි උත්සවය අතරතුර, පිළිගත් සම්ප්‍රදායන් ඇත. කෝපි වට තුනකින් පිරිනමනු ලැබේ: පළමු බීර හෝ වටය ටයිග්‍රින්යා හි අවෙල් ලෙසද, දෙවන වටය කලෙයි ලෙසද දෙවන අර්ථය වන අතර තෙවන වටය බෙරෙකා ලෙසද හැඳින්වේ. කෝපි ආචාරශීලී ලෙස ප්‍රතික්ෂේප වුවහොත් බොහෝ විට තේ (""ෂයි"" ሻሂ ෂහී) ලබා දෙනු ඇත. කෝපි ආචාරශීලී ලෙස ප්‍රතික්ෂේප වුවහොත් බොහෝ විට තේ (""ෂයි"" ሻሂ ෂහී) ලබා දෙනු ඇත.",මිතුරන් බැලීමට මෙන්ම එදිනෙදා ජීවිතයේ ප්‍රධාන ආහාරයක් ලෙස ඉදිරිපත් කළ හැකි එරිත්‍රන් සංස්කෘතියේ වඩාත් හඳුනාගත හැකි අංගයක් කුමක්ද?,කෝපි උත්සවය
4,1957,"කෝපි උත්සවය කෙසේ වෙතත්, මෙම ප්‍රමේයයන් සාමාන්‍ය සාපේක්ෂතාවාදය නිවැරදි යැයි උපකල්පනය කරයි, නමුත් විශ්වය ප්ලාන්ක් උෂ්ණත්වයට ළඟා වීමට පෙර සාමාන්‍ය සාපේක්ෂතාවාදය බිඳ වැටිය යුතු අතර ක්වොන්ටම් ගුරුත්වාකර්ෂණය පිළිබඳ නිවැරදි ප්‍රතිකාරයක් මගින් ඒකීයභාවය වළක්වා ගත හැකිය.",මෙම ප්‍රමේයයන් උපකල්පනය කළ යුත්තේ නිවැරදි න්‍යාය කුමක්ද?,මෙම ප්‍රමේයයන් උපකල්පනය කළ යුත්තේ නිවැරදි න්‍යාය කුමක්ද?
5,1958,"ඩොලර් කාසි එක්සත් ජනපදයේ එතරම් ජනප්‍රිය වී නොමැත. රිදී ඩොලර් 1794 සිට 1935 දක්වා වරින් වර මුද්‍රණය කරන ලදී; ජනාධිපති ඩ්වයිට් ඩී. අයිසන්හවර්ගේ විශාල ප්‍රමාණයේ තඹ-නිකල් ඩොලරයක් 1971 සිට 1978 දක්වා මුද්‍රණය කරන ලදී. 19 වන සියවසේදී රන් ඩොලර් ද අච්චු කරන ලදී. සුසාන් බී ඇන්තනි ඩොලර් කාසිය 1979 දී හඳුන්වා දෙන ලදී; මේවා ජනප්‍රිය නොවූ බව ඔප්පු වූයේ ඒවා බොහෝ විට කාර්තු ලෙස වරදවා වටහාගෙන ඇති නිසා ඒවායේ සමාන ප්‍රමාණය, අඹරන ලද දාරය සහ ඒවායේ සමාන වර්ණය නිසාය. සංසරණය සඳහා මෙම ඩොලර් කැණීම 1980 දී අත්හිටුවන ලදි (එකතුකරන්නන්ගේ කෑලි 1981 දී පහර දෙන ලදි), නමුත්, අතීත එක්සත් ජනපද කාසි මෙන්ම, ඒවා නීතිමය ටෙන්ඩරයක් ලෙස පවතී. ෆෙඩරල් සංචිතය සතුව තිබූ ඇන්තනි ඩොලර් ගණන සහ තැපැල් හා සංක්‍රමණ විකුණුම් යන්ත්‍රවල වෙනසක් සිදු කිරීම සඳහා මූලික වශයෙන් බෙදා හැරීම නිසා, 1999 දී අතිරේක ඇන්තනි ඩොලර් වලට පහර දෙන ලදී. 2000 දී, සකාගාවියා (සකාගාවියා) ඇතුළත් නව ඩොලර් 1 කාසියක් ඩොලරය) හඳුන්වා දෙන ලද අතර, ඇන්තනි ඩොලරය පිළිගන්නා විකුණුම් යන්ත්‍රවල වෙනස්කම් අවශ්‍ය නොවී සුමට දාරයක් සහ රන් වර්ණයක් තිබීම නිසා ඇන්තනි ඩොලරයේ සමහර ගැටලු නිවැරදි කරන ලදී. කෙසේ වෙතත්, මෙම නව කාසිය තවමත් පවතින ඩොලර් 1 බිල්පතේ ජනප්‍රියත්වය ලබා ගැනීමට අපොහොසත් වී ඇති අතර එය දෛනික ගනුදෙනු සඳහා කලාතුරකින් භාවිතා වේ. ඩොලර් බිල්පත එකවරම ඉල්ලා අස්කර ගැනීමට අපොහොසත් වීම සහ දුර්වල ප්‍රචාරක උත්සාහයන් ඩොලරයේ කාසිය මහජන සහයෝගය ලබා ගැනීමට අසමත් වීමට මූලික හේතු ලෙස කාසි යෝජනා කරන්නන් විසින් පෙන්වා දී ඇත. ඩොලරයේ පනත එකවරම ඉල්ලා අස්කර ගැනීමට අපොහොසත් වීම සහ දුර්වල ප්‍රචාරක උත්සාහයන් ඩොලරයේ කාසිය මහජන සහයෝගය ලබා ගැනීමට අපොහොසත් වීමට මූලික හේතු ලෙස කාසි යෝජනා කරන්නන් විසින් පෙන්වා දී ඇත.",තඹ - නිකල් ඩොලරයේ පෙනී සිටියේ කවුද?,ජනාධිපති ඩ්වයිට් ඩී. අයිසන්හවර්
6,1959,"ස්විට්සර්ලන්තයේ කඳු 48 ක් උසට හෝ ඊට වඩා ඉහළින් මුහුදට මීටර් 4,000 (අඩි 13,000) ක් උසයි. මීටර 4,634 (අඩි 15,203) ක උසකින් යුත් මොන්ටේ රෝසා, මැටර්හෝර්න් (මීටර් 4,478 හෝ අඩි 14,692) බොහෝ විට වඩාත් ප්‍රසිද්ධ ලෙස සැලකේ. දෙකම වලයිස් කන්තෝරුවේ පෙන්යින් ඇල්ප්ස් තුළ පිහිටා ඇත. දිය ඇලි 72 ක් අඩංගු ගැඹුරු ග්ලැසියර ලෝටර්බන්නන් නිම්නයට ඉහළින් පිහිටි බර්නිස් ඇල්ප්ස් කොටස ජුන්ග්ෆ්‍රාවු (මීටර් 4,158 හෝ අඩි 13,642) ඊගර් සහ මන්ච් සහ කලාපයේ සුන්දර නිම්න බොහොමයකට ප්‍රසිද්ධය. ගිනිකොන දෙසින් ග්‍රැබුන්ඩන් කන්තෝරුවේ ශාන්ත මොරිට්ස් ප්‍රදේශය ආවරණය වන පරිදි දිගු එන්ගඩින් නිම්නය ද ප්‍රකට ය; අසල්වැසි බර්නානා ඇල්ප්ස් හි උසම කඳු මුදුන වන්නේ පීස් බර්නානා (මීටර් 4,049 හෝ අඩි 13,284) ය. ගිනිකොන දෙසින් ග්‍රැබුන්ඩන් කන්තෝරුවේ ශාන්ත මොරිට්ස් ප්‍රදේශය ආවරණය වන පරිදි දිගු එන්ගඩින් නිම්නය ද ප්‍රකට ය; අසල්වැසි බර්නානා ඇල්ප්ස් හි උසම කඳු මුදුන වන්නේ පීස් බර්නානා (මීටර් 4,049 හෝ අඩි 13,284) ය.",මුහුදු මට්ටමේ සිට අවම වශයෙන් මීටර් 4000 ක් ඉහළින් පිහිටි ස්විට්සර්ලන්තයේ කඳු කීයක් තිබේද?,48 යි
7,1960,"මින්ඩාගාස් විසින් ලිතුවේනියා රාජධානිය නිර්මාණය කිරීමට පෙර ලිතුවේනියා ප්‍රොප්‍රියා සහ සමෝගිතියාවේ, වංශාධිපතියන් ජර්මානු භාෂාවෙන් ලියා ඇති මූලාශ්‍රවල ඩයි බෙස්ට් ලුටන් ලෙස නම් කරන ලදී. ලිතුවේනියානු භාෂාවෙන් වංශවතුන් පොනයි ලෙස නම් කරන ලදී. ඉහළ වංශවතුන් නම් කරන ලද්දේ 'කුනිගයි' හෝ 'කුනිගයිකායි' (ආදිපාදවරියන්) —i.e., ස්කැන්ඩිනාවික් කොනුන්ග් වෙතින් ණයවරය. ඔවුන් ස්ථාපිත ප්‍රාදේශීය නායකයන් සහ යුද නායකයන් විය. රාජ්යයේ සංවර්ධනය අතරතුර ඔවුන් ක්රමයෙන් ඉහළ ආදිපාදවරුන්ටත් පසුව ලිතුවේනියාවේ රජුටත් යටත් විය. 14 වන ශතවර්ෂයේ මැද භාගයේදී ලිතුවේනියානු ආදිපාදවරිය රුතීනියා දේශයට ව්‍යාප්ත වීම නිසා රුතේනියානු (නූතන යුක්රේන සහ බෙලාරුසියානු භාෂා) වෙතින් වංශවත් බජෝරායි නම් වූ නව යෙදුමක් පෙනෙන්නට තිබුණි. අද දක්වා මෙම වචනය ලිතුවේනියානු භාෂාවෙන් වංශවත් අය නම් කිරීමට භාවිතා කරයි, එය තමාට පමණක් නොව, වෙනත් රටවල වංශවත් අයටද වේ. අද දක්වා මෙම වචනය ලිතුවේනියානු භාෂාවෙන් වංශවත් අය නම් කිරීමට භාවිතා කරයි, එය තමාට පමණක් නොව, වෙනත් රටවල වංශවත් අයටද වේ.",උසස් වංශවත් අය නම් කළේ කුමක් ද?,kunigai 'හෝ' kunigaikščiai '
8,1961,"2007 සහ 2011 ලීග් කුසලාන අවසන් මහා තරඟයට ආර්සෙනාල් පැමිණියේය. පිළිවෙලින් චෙල්සි සහ බර්මින්හැම් සිටි වෙතින් 2-1 ක් ලෙස පරාජයට පත්විය. 2005 FA කුසලාන තරඟාවලියේ සිට 2014 මැයි 17 වන දින දක්වා සමාජ ශූරතාවලිය විශාල කුසලානයක් ලබා නොතිබුණි. 2014 FA කුසලාන අවසන් මහා තරඟයේදී ආර්සෙනල් විසින් හල් සිටි පරාජය කරන ලදී. මෙය ඔවුන් 2014 FA ප්‍රජා පලිහ සඳහා සුදුසුකම් ලබා ඇති අතර එහිදී ඔවුන් ප්‍රිමියර් ලීග් ශූරයන් වන මැන්චෙස්ටර් සිටි සමඟ ක්‍රීඩා කරනු ඇත. මාස 3 ක් තුළ ඔවුන්ගේ දෙවන කුසලානය දිනා ගනිමින් ඔවුන් තරගයේ 3-0ක විශිෂ්ට ජයක් වාර්තා කළහ. ඔවුන්ගේ ප්‍රජා පලිහ ජයග්‍රහණයෙන් මාස නවයකට පසු, ආර්සෙනාල් අඛණ්ඩව දෙවන වරටත් එෆ්.ඒ. 2015 අගෝස්තු 2 වන දින, ආර්සෙනල් විසින් වෙම්බ්ලි ක්‍රීඩාංගණයේදී චෙල්සියාව 1–0ක් ලෙස පරාජය කරමින් ප්‍රජා පලිහ රඳවා තබා ගනිමින් ඔවුන්ගේ 14 වන ප්‍රජා පලිහ ශූරතාව දිනා ගැනීමට සමත් විය. 2015 අගෝස්තු 2 වන දින, ආර්සෙනල් විසින් වෙම්බ්ලි ක්‍රීඩාංගණයේදී චෙල්සියාව 1–0ක් ලෙස පරාජය කරමින් ප්‍රජා පලිහ රඳවා තබා ගනිමින් ඔවුන්ගේ 14 වන ප්‍රජා පලිහ ශූරතාව දිනා ගැනීමට සමත් විය.",FA කුසලාන ඉතිහාසයේ වඩාත්ම සාර්ථක කණ්ඩායම බවට පත් කිරීමට ආර්සෙනාල්ට ජයග්‍රහණ කීයක් තිබේද?,12
9,1962,"12 සාපේක්ෂව බලන කල, ජෛවගෝලයේ මුළු ස්කන්ධය TtC 4 (කාබන් ටොන් ට්‍රිලියන) තරම් යැයි ගණන් බලා ඇත.",පෘථිවියේ මෙතෙක් ජීවත් වූ විශේෂ කීයක් තිබේද?,විශේෂ බිලියන පහකට වඩා
10,1963,"එහි ප්‍රති ing ලයක් ලෙස පුසාන් පරිමිතිය (1950 අගෝස්තු-සැප්තැම්බර්) සටනේදී, එක්සත් ජනපද හමුදාව කේපීඒ ප්‍රහාරයන්ට ඔරොත්තු දුන්නේ නක්ටොං බල්ගේ, පොහාං-ඩොං සහ ටයිගු යන නගරවල නගරය අල්ලා ගැනීමට ය. එක්සත් ජනපද ගුවන් හමුදාව (යූඑස්ඒඑෆ්) කේපීඒ ලොජිස්ටික්ස් වලට දිනපතා භූමි ආධාරක 40 ක් බාධා කරමින් පාලම් 32 ක් විනාශ කළ අතර බොහෝ දිවා කාලයේ මාර්ග සහ දුම්රිය ගමනාගමනය නතර කළේය. කේපීඒ හමුදාවන්ට දිවා කාලයේදී උමං වල සැඟවී රාත්‍රියේදී පමණක් ගමන් කිරීමට සිදුවිය. කේපීඒ වෙත මැටරියල් ප්‍රතික්ෂේප කිරීම සඳහා යූඑස්ඒඑෆ් විසින් ලොජිස්ටික් ඩිපෝ, ඛනිජ තෙල් පිරිපහදු හා වරායන් විනාශ කළ අතර එක්සත් ජනපද නාවික හමුදා ගුවන් හමුදා ප්‍රවාහන මධ්‍යස්ථානවලට පහර දුන්හ. එහි ප්‍රති, ලයක් වශයෙන්, අධික ලෙස දීර් K කරන ලද කේපීඒ දකුණ පුරා සැපයීමට නොහැකි විය. අගෝස්තු 27 වන දින 67 වන ප්‍රහාරක බළකායේ ගුවන් යානය චීන භූමියේ පහසුකම් වලට වැරදියට පහර දුන් අතර සෝවියට් සංගමය එක්සත් ජාතීන්ගේ ආරක්ෂක මණ්ඩලයේ අවධානය යොමු කළේ සිද්ධිය පිළිබඳ චීනයේ පැමිණිල්ල පිළිබඳව ය. වන්දි වශයෙන් එක්සත් ජනපදය ගෙවිය යුතු දේ ඉන්දියාව සහ ස්වීඩනය කොමිසමක් විසින් තීරණය කළ යුතු යැයි එක්සත් ජනපදය යෝජනා කළ නමුත් සෝවියට්වරු එක්සත් ජනපද යෝජනාව නිෂේධ කළහ. වන්දි වශයෙන් එක්සත් ජනපදය ගෙවිය යුතු දේ ඉන්දියාව සහ ස්වීඩනය පිළිබඳ කොමිසමක් විසින් තීරණය කළ යුතු යැයි එක්සත් ජනපදය යෝජනා කළ නමුත් සෝවියට්වරු එක්සත් ජනපද යෝජනාව නිෂේධ කළහ.",ටීග් සහ නැක්ටොං බල්ගේ අල්ලා ගැනීමට උත්සාහ කළ හමුදාව කුමක්ද?,කේපීඒ
11,1964,"""මුහුදේ ධාවන පථ"" ලෙස, ගුවන් යානා ප්‍රවාහකයන්ට පැතලි ඉහළ පියාසර තට්ටුවක් ඇති අතර එය ගුවන් යානා දියත් කර නැවත ලබා ගනී. ගුවන් යානා ඉදිරියට, සුළඟට දියත් කරන අතර තාරකා වලින් ගොඩ ගනු ලැබේ. පියාසැරි තට්ටුව යනු වාහකයෙකු සහ ගොඩබිම ධාවන පථයක් අතර වඩාත්ම කැපී පෙනෙන වෙනස්කම් දක්නට ලැබෙන ස්ථානයයි. මුහුදේ එවැනි මතුපිටක් නිර්මාණය කිරීම වාහකයාට බාධා ඇති කරයි - නිදසුනක් වශයෙන්, එය නැවක් වීම යන්නෙන් අදහස් වන්නේ සම්පූර්ණ දිග ධාවන පථයක් ඉදිකිරීම හා නඩත්තු කිරීම සඳහා මිල අධික වනු ඇති බවයි. ගුවන්යානය සෝපානය ලබා ගැනීම සඳහා වේගයෙන් වේගවත් කිරීම අවශ්‍ය වන බැවින් තට්ටුවේ කෙටි ධාවන පථයක දිග අවශ්‍ය බැවින් මෙය ගුවන්ගත කිරීමේ ක්‍රියාවලියට බලපායි. මේ සඳහා තෙරපුම් තල්ලුවක්, එහි ප්‍රවේගයට සිරස් සංරචකයක් හෝ අඩු බරක් (ස්කන්ධය අඩු කිරීමට) අවශ්‍ය වේ. ඉහත පරිදි විවිධාකාර තට්ටුවේ වින්‍යාසය පියාසර තට්ටුවේ ව්‍යුහයට බලපෑම් කරයි. වාහකයෙකු සපයන දියත් කිරීමේ ආධාරයේ ස්වරූපය ගුවන් යානා වර්ග සහ ගුවන්යානයේ සැලසුම සමඟ දැඩි ලෙස සම්බන්ධ වේ. වාහකයෙකු සපයන දියත් කිරීමේ ආධාරයේ ස්වරූපය ගුවන් යානා වර්ග සහ ගුවන්යානයේ සැලසුම සමඟ දැඩි ලෙස සම්බන්ධ වේ.",ගුවන් යානා දියත් කිරීමට සහ නැවත ලබා ගැනීමට ගුවන් යානා වාහකයන්ගේ විශේෂාංග මොනවාද?,පැතලි-ඉහළ පියාසර තට්ටුව
12,1965,23 වන වීදිය මෑන්හැටන් හි අංකිත තවත් ප්‍රධාන වීදියකි. එය එෆ්ඩීආර් ඩ්‍රයිව් වලින් ආරම්භ වී එකොළොස්වන මාවතේ දී අවසන් වේ. එහි දිග කි.මී. 3.1 / මීටර් 1.9 කි. එයට ද්වි-මාර්ග ගමන් ඇත. 23 වන වීදියේ දේශීය උමං දුම්රිය ස්ථාන පහක් ඇත: 23 වන වීදියේ දේශීය උමං දුම්රිය ස්ථාන පහක් ඇත:,23 වන වීදියේ මාර්ග තදබදය එක් හෝ දෙකකින් ගමන් කරයිද?,ද්වි-මාර්ගය
13,1966,ඉදිරි දෙවසර තුළ සමාගම දකුණු ඉන්දියාවේ බෙංගාල බොක්කෙහි කොරොමැන්ඩල් වෙරළ තීරයේ මචිලිපට්ටම් නගරයේ සිය පළමු කර්මාන්ත ශාලාව ආරම්භ කළේය. ඉන්දියාවට ගොඩ බැසීමෙන් පසු සමාගම විසින් වාර්තා කරන ලද ඉහළ ලාභය මුලින් එංගලන්තයේ වෙනත් වෙළඳ සමාගම් සඳහා අනුබද්ධ බලපත්‍ර ලබා දීමට පළමුවන ජේම්ස් රජුට පෙලඹුණි. එහෙත් 1609 දී ඔහු සමාගමට ලබා දුන් ප්‍ර ter ප්තිය දින නියමයක් නොමැතිව අළුත් කළේය. එහි සඳහන් වගන්තිය ද ඇතුළුව අඛණ්ඩව වසර තුනක් වෙළඳාම ලාභ නොලබන්නේ නම් ප්‍ර ter ප්තිය බලාත්මක වීම අහෝසි වනු ඇත. එහෙත් 1609 දී ඔහු සමාගමට ලබා දුන් ප්‍ර ter ප්තිය දින නියමයක් නොමැතිව අළුත් කළේය. එහි සඳහන් වගන්තිය ද ඇතුළුව අඛණ්ඩව වසර තුනක් වෙළඳාම ලාභ නොලබන්නේ නම් ප්‍ර ter ප්තිය බලාත්මක වීම අහෝසි වනු ඇත.,වෙළඳාම අවම වශයෙන් අවුරුදු 3 ක් වත් ලාභයක් ලබා නොදුනහොත් කුමක් සිදුවේද?,ප්‍ර ter ප්තිය බලාත්මක වීම නවත්වනු ඇත
14,1967,"ක්‍රි.පූ. 121 දී හෑන් හමුදා සියොන්ග්නූව හෙක්සි කොරිඩෝව දක්වා විහිදුණු විශාල භූමි ප්‍රදේශයකින් ලොප් නූර් දක්වා නෙරපා හැරියේය. ක්‍රි.පූ 111 දී මෙම වයඹ දිග ප්‍රදේශයට සියොන්ග්-කියැං ඒකාබද්ධ ආක්‍රමණයක් ඔවුන් විසින් ප්‍රතික්ෂේප කරන ලදී. එම වර්ෂයේදී, හැන් අධිකරණය විසින් මෙම කලාපයේ නව මායිම් අණ දෙන නිලධාරීන් හතරක් පිහිටුවන ලදි: ජියුවාන්, ෂැංගි, ඩන්හුවාං සහ වුවේ. මායිමේ සිටි මිනිසුන්ගෙන් බහුතරය සොල්දාදුවන් විය. ඇතැම් විට අධිකරණය විසින් ගොවි ගොවීන් නව මායිම් ජනාවාස වෙත බලහත්කාරයෙන් ගෙන යන ලදී. ගොවීන්, වෙළෙන්දන්, ඉඩම් හිමියන් සහ කුලියට ගත් කම්කරුවන් වැනි සාමාන්‍ය ජනයාට ස්වේච්ඡාවෙන් දේශ සීමාවට සංක්‍රමණය වීමට අධිකරණය දිරිමත් කළේය. ගොවීන්, වෙළෙන්දන්, ඉඩම් හිමියන් සහ කුලියට ගත් කම්කරුවන් වැනි සාමාන්‍ය ජනයාට ස්වේච්ඡාවෙන් දේශ සීමාවට සංක්‍රමණය වීමට අධිකරණය දිරිමත් කළේය.",දේශ සීමාවේ බහුතරයක් දෙනා සෑදුවේ කවුද?,සොල්දාදුවන්
15,1968,"සොල්දාදුවන් වර්තමාන එක්සත් ජනපද බුද්ධිමය දේපල නීති සම්පාදනයේ තවත් සීමාවක් වන්නේ තනි සහ ඒකාබද්ධ වැඩ කෙරෙහි අවධානය යොමු කිරීමයි; මේ අනුව, ප්‍රකාශන හිමිකම් ආරක්ෂාව ලබා ගත හැක්කේ කර්තෘත්වයේ මුල් කෘතිවලින් පමණි. මෙම නිර්වචනය ප්‍රජා නිර්මාණශීලීත්වයේ ප්‍රති result ලයක් වන ඕනෑම කෘතියක් බැහැර කරයි, උදාහරණයක් ලෙස ස්වදේශික ඇමරිකානු ගීත සහ කථා; වර්තමාන ව්‍යවස්ථාවෙන් දේශීය සංස්කෘතික “දේපල” වල සුවිශේෂත්වය සහ එහි වෙනස්වන ස්වභාවය හඳුනා නොගනී. ස්පර්ශ්‍ය මාධ්‍යයන්හි ඔවුන්ගේ සංස්කෘතික කෞතුක වස්තු 'ලිවීමට' ස්වදේශික සංස්කෘතීන්ගෙන් ඉල්ලා සිටීම ඔවුන්ගේ අවශ්‍ය වාචිකත්වය නොසලකා හරින අතර ලිඛිත ආකෘතියේ බටහිර නැඹුරුවක් වඩාත් අධිකාරී ලෙස ක්‍රියාත්මක කරයි.",බටහිර පක්ෂග්‍රාහීත්වය නම් වඩා බලයලත් වන්නේ කුමන ස්වරූපය ද යන්නයි.,ලියා ඇත
16,1970,"එඩ්ගර් පාසැලේ පළමු වාරය ගත් අතර ඩ්වයිට් බෙල් ස්ප්‍රින්ග්ස් ක්‍රිමරි හි රාත්‍රී අධීක්ෂකවරයෙකු ලෙස සේවය කළේය. එඩ්ගර් දෙවන වසරක් ඉල්ලා සිටි අතර, ඩ්වයිට් ඊට එකඟ වී දෙවන වසර සඳහා වැඩ කළේය. ඒ වන විට මිතුරෙකු වූ “ස්වීඩන්” හැස්ලට් නාවික ඇකඩමියට අයදුම් කරමින් සිටි අතර උපකාරක පන්ති අවශ්‍ය නොවන බැවින් ඩ්වයිට් පාසලට අයදුම් කරන ලෙස ඉල්ලා සිටියේය. අයිසන්හවර් සිය එක්සත් ජනපද සෙනෙට් සභික ජෝශප් එල්. බ්‍රිස්ටෝව් සමඟ ඇනපොලිස් හෝ වෙස්ට් පොයින්ට් ගැන සලකා බලන ලෙස ඉල්ලා සිටියේය. ප්‍රවේශ විභාගයේ ජයග්‍රාහකයන් අතර අයිසන්හවර් ද සිටියද ඔහු නාවික ඇකඩමියේ වයස් සීමාවෙන් ඔබ්බට විය. ඉන්පසු ඔහු 1911 දී වෙස්ට් පොයින්ට් වෙත පත්වීමක් භාර ගත්තේය. ඔලෙග් උතුරේ රූරික් විසින් ආරම්භ කරන ලද ස්ලාව් දේශයන්හි රුස්ගේ බලකොටු ජාලයක් සංවර්ධනය කිරීම හා පුළුල් කිරීම දිගටම කරගෙන ගියේය.","කියෙව් ""රුස් සිටිස්ගේ මව"" ලෙස ප්‍රකාශ කළේ කවුද?",ඔලෙග් කුමරු
17,1971,"ඔලෙග් කුමරු සංගණන කාර්යාංශයට අනුව, 2002 වන විට, අප්‍රිකානු ඇමරිකානුවන්ගෙන් 75% කට වඩා බහු වාර්ගික මුතුන් මිත්තන් සිටියහ.",2002 වන විට අප්‍රිකානු ඇමරිකානුවන්ගෙන් බහු වාර්ගික මුතුන් මිත්තන් සිටි ප්‍රතිශතය කුමක්ද?,75% ට වඩා
18,1972,"75% ට වඩා මෘදුකාංග පරීක්ෂණයේ මූලික ගැටළුවක් නම්, සරල නිෂ්පාදනයක් සමඟ වුවද, සියලු යෙදවුම් සහ පූර්ව කොන්දේසි (ආරම්භක තත්වය) යටතේ පරීක්ෂා කිරීම කළ නොහැකි වීමයි. : 17-18 මෙයින් අදහස් කරන්නේ මෘදුකාංග නිෂ්පාදනයේ අඩුපාඩු ගණන ඉතා විශාල විය හැකි අතර කලාතුරකින් සිදුවන අඩුපාඩු පරීක්ෂා කිරීමේදී සොයා ගැනීම දුෂ්කර ය. වඩා වැදගත් ලෙස, ගුණාත්මකභාවයේ ක්‍රියාකාරී නොවන මානයන් (එය කළ යුතු දේට සාපේක්ෂව එය කෙසේ විය යුතුද යන්න) - හැකියාව, පරිමාණය, කාර්ය සාධනය, අනුකූලතාව, විශ්වසනීයත්වය high ඉතා ආත්මීය විය හැකිය; එක් පුද්ගලයෙකුට ප්‍රමාණවත් වටිනාකමක් ඇති දෙයක් තවත් පුද්ගලයෙකුට නොඉවසිය හැකිය.","මෘදුකාංග පරීක්ෂණයේ මූලික ගැටළුවක් නම්, සරල නිෂ්පාදනයක් සමඟ වුවද, සියලු යෙදවුම් සහ පූර්ව කොන්දේසි (ආරම්භක තත්වය) යටතේ පරීක්ෂා කිරීම කළ නොහැකි වීමයි. : 17-18 මෙයින් අදහස් කරන්නේ මෘදුකාංග නිෂ්පාදනයේ අඩුපාඩු ගණන ඉතා විශාල විය හැකි අතර කලාතුරකින් සිදුවන අඩුපාඩු පරීක්ෂා කිරීමේදී සොයා ගැනීම දුෂ්කර ය. වඩා වැදගත් ලෙස, ගුණාත්මකභාවයේ ක්‍රියාකාරී නොවන මානයන් (එය කළ යුතු දේට සාපේක්ෂව එය කෙසේ විය යුතුද යන්න) - හැකියාව, පරිමාණය, කාර්ය සාධනය, අනුකූලතාව, විශ්වසනීයත්වය high ඉතා ආත්මීය විය හැකිය; එක් පුද්ගලයෙකුට ප්‍රමාණවත් වටිනාකමක් ඇති දෙයක් තවත් පුද්ගලයෙකුට නොඉවසිය හැකිය.",සියලු යෙදවුම් සහ පූර්ව කොන්දේසි (ආරම්භක තත්වය) යටතේ පරීක්ෂා කිරීම කළ නොහැකි ය
19,1973,"සියලු යෙදවුම් සහ පූර්ව කොන්දේසි (ආරම්භක තත්වය) යටතේ පරීක්ෂා කිරීම කළ නොහැකි ය එක්සත් රාජධානියේ අග්‍රාමාත්‍යවරයා සහ හිටපු අග්‍රාමාත්‍යවරුන් ද නිවැරදි ගෞරවනීය ලෙස හැඩගස්වා ඇති බවක් පෙනෙන්නට තිබේ, කෙසේ වෙතත් මෙය සිදුවන්නේ ඔවුන් රජයේ ප්‍රධානියා ලෙස කටයුතු කිරීම නිසා නොව, උතුමාණන්ගේ ගෞරවනීය ප්‍රිවි කවුන්සිලයේ වත්මන් සාමාජිකයන් වීමේ වරප්‍රසාදය වශයෙනි.",අගමැතිවරුන් තනතුර නිසා පමණක් ගෞරවනීය ලෙස හැඳින්විය හැකි රටකට උදාහරණයක් කුමක්ද?,කැනඩාව
20,1974,කැනඩාව කැනඩාව,එම මතකය පුද්ගලයා දැන ගැනීමටත් පෙර මතකය පවතින බව පෙන්නුම් කළේ කුමක්ද?,මොස්කොවිච් 2007
21,1975,"බ්‍රොන්ක්ස් හි සංවර්ධනය නව එංගලන්තය සහ නිව්යෝර්ක් (මෑන්හැටන්) අතර එහි උපායමාර්ගික ස්ථානයට කෙලින්ම සම්බන්ධ වේ. හාර්ලම් ගඟ හරහා ඇති පාලම් පාලනය කිරීම බ්‍රිතාන්‍ය යටත් විජිත පාලන සමයේ පීඩා වින්දේය. බ්‍රෝඩ්වේ ස්පුටන් ඩුවිල් ක්‍රීක් වෙත ළඟා වූ 1693 දී ඉදිකරන ලද කිංග්ස්බ්‍රිජ්, පිලිප්ස් මනෝර්ගේ අධිපතියා වූ ෆ්‍රෙඩ්රික් පිලිප්ස් සතු විය. ගංගාවේ දෙපස දේශීය ගොවීන් විසින් ගාස්තු අය කරන ලදී. 1759 දී ජේකබ්ස් ඩික්මන් සහ බෙන්ජමින් පාමර්ගේ නායකත්වයෙන් යුත් ගොවීන් හාර්ලම් ගඟ හරහා “නිදහස් පාලමක්” ඉදි කළ අතර එමඟින් ගාස්තු සම්පූර්ණයෙන්ම අත්හැර දැමීමට සිදුවිය. 1759 දී ජේකබ්ස් ඩික්මන් සහ බෙන්ජමින් පාමර්ගේ නායකත්වයෙන් යුත් ගොවීන් හාර්ලම් ගඟ හරහා “නිදහස් පාලමක්” ඉදි කළ අතර එමඟින් ගාස්තු සම්පූර්ණයෙන්ම අත්හැර දැමීමට සිදුවිය.",කිංස්බ්‍රිජ් ඉදි කළේ කවදාද?,1693
22,1976,"ප්‍රාථමික පාසල්වල ජර්මානු ඉගැන්වීම ඇකඩමි පියරේ ඩියොන් විසින් නිකුත් කරන ලද සර්කියුලේයර් සර් ලා ලැන්ගු එට් ලා සංස්කෘතික රීජියොනල්ස් එන් ඇල්සේස් (ඇල්සේස් හි කලාපීය භාෂාව හා සංස්කෘතිය පිළිබඳ සංදේශය) සමඟ 1982 ජුනි 9 වන දින දක්වා නොවේ. ඇල්සේස් හි ඇත්ත වශයෙන්ම වැඩි නිල තත්වයක් ලබා දීමට පටන් ගත්තේය. පාසැල් හා විශ්ව විද්‍යාල වල කලාපීය භාෂා ඉගැන්වීම සඳහා වසර තුනකට වැඩි කාලයක් පුරා මූල්‍යමය ආධාර හඳුන්වා දෙන ලදී. කෙසේ වෙතත්, මෙම සංදේශය තරමක් ලිහිල් ආකාරයකින් ක්‍රියාත්මක කරන ලදී. කෙසේ වෙතත්, මෙම සංදේශය තරමක් ලිහිල් ආකාරයකින් ක්‍රියාත්මක කරන ලදී.",ඇල්සේස් පාසල්වල ජර්මානු ඉගැන්වීම් වඩාත් නිල වීමට ඉඩ දුන් සංදේශයේ නම කුමක්ද?,චක්‍රලේඛය සර් ලා ලැන්ගු සහ ලා සංස්කෘතිය රීජියොනල්ස් එන් ඇල්සේස්
23,1977,"මාර්ටෝරානා පල්ලිය (1143 දී පමණ සරසා ඇත) මුලින් ඊටත් වඩා බයිසන්ටයින් ලෙස පෙනුනද වැදගත් කොටස් පසුව කඩා බිඳ දමන ලදී. ගෝලාකාර මොසෙයික් කප්පෙලා පලටිනාට සමාන ය. ක්‍රිස්තුස් වහන්සේ මැද සිංහාසනාරූ and වූ අතර දුනු දිගටි දේවදූතයන් සිව්දෙනෙකි. ග්‍රීක සෙල්ලිපි, සැරසිලි රටා සහ එවැන්ජලිස්තවරුන් කෙලින්ම ක්‍රියාත්මක කරනු ලබන්නේ කැපෙලා පලටිනාහි සේවය කළ ග්‍රීක ස්වාමිවරුන් විසිනි. සිසිලියේ II වන රොජර් නිරූපණය කරන මොසෙයික්, බයිසැන්තියානු අධිරාජ්‍යවාදී වස්ත්‍රවලින් සැරසී ක්‍රිස්තුස් විසින් ඔටුන්න හිමි කර ගත් අතර, මුලින් කඩා බිඳ දැමූ නර්තෙක්ස් හි සහ තවත් මණ්ඩලයක් සමඟ පල්ලියේ නිර්මාතෘ වන අන්තියෝකියාවේ ජෝර්ජියෝස් සමඟ තියෝටෝකෝස් විය. සිසිලියේ II වන රොජර් නිරූපණය කරන මොසෙයික්, බයිසැන්තියානු අධිරාජ්‍යවාදී වස්ත්‍රවලින් සැරසී ක්‍රිස්තුස් විසින් ඔටුන්න හිමි කර ගත් අතර, මුලින් කඩා බිඳ දැමූ නර්තෙක්ස් හි සහ තවත් මණ්ඩලයක් සමඟ පල්ලියේ නිර්මාතෘ වන අන්තියෝකියාවේ ජෝර්ජියෝස් සමඟ තියෝටෝකෝස් විය.",මාර්ටෝරානා පල්ලියේ ආරම්භකයා කවුද?,අන්තියෝකියාවේ ජෝර්ජියෝස්
24,1978,"මැද ට්‍රයසැසික් වසර මිලියන 247 සිට මිලියන 237 දක්වා විහිදේ. මැද ට්‍රයැසික් හි පැන්ජියා කැඩී යාමේ ආරම්භය සහ ටෙතිස් මුහුදේ ආරම්භය ඇතුළත් විය. මහා විනාශය වූ විනාශයෙන් පරිසර පද්ධතිය යථා තත්ත්වයට පත් විය. ෆයිටොප්ලැන්ක්ටන්, කොරල් සහ කබොල සියල්ලම සුව වී ඇති අතර උරගයින් විශාල වීමට පටන් ගත්හ. ඉච්තියෝසෝර් සහ නොතොසෝර් වැනි නව ජලජ උරගයින් පරිණාමය විය. මේ අතර, ගොඩබිම, පයින් වනාන්තර සමෘධිමත් වූ අතර මදුරුවන් හා පලතුරු මැස්සන් ද ගෙන එනු ලැබීය. පළමු පුරාණ කිඹුලන් පරිණාමය වූ අතර, එතැන් සිට මිරිදිය ලෝකය පාලනය කළ විශාල උභයජීවීන් සමඟ තරඟයක් ඇති විය. පළමු පුරාණ කිඹුලන් පරිණාමය වූ අතර, එතැන් සිට මිරිදිය ලෝකය පාලනය කළ විශාල උභයජීවීන් සමඟ තරඟයක් ඇති විය.","පැන්ගියා බිඳී යාමේදී, නිර්මාණය කරන ලද මුහුද කුමක්ද?",ටෙතිස් මුහුද
25,1979,"පුද්ගලයෙකුගේ ස්වයං වාර්තාවක් වේදනාවේ වඩාත් විශ්වාසදායක මිනුම වන අතර සෞඛ්‍ය සේවා වෘත්තිකයන් බරපතලකම අවතක්සේරු කිරීමට පෙළඹේ. හෙද සේවයේ බහුලව භාවිතා වන වේදනාව පිළිබඳ අර්ථ දැක්වීමක්, එහි ආත්මීය ස්වභාවය සහ රෝගියාගේ වාර්තා විශ්වාස කිරීමේ වැදගත්කම අවධාරණය කරමින් 1968 දී මාගෝ මැකැෆෙරි විසින් හඳුන්වා දෙන ලදී: “වේදනාව යනු අත්දැකීම් ඇති පුද්ගලයා පවසන ඕනෑම දෙයක්, ඔහු පවසන සෑම අවස්ථාවකම පවතී”. තීව්‍රතාවය තක්සේරු කිරීම සඳහා, රෝගියාට ඔවුන්ගේ වේදනාව 0 සිට 10 දක්වා පරිමාණයකින් සොයා ගැනීමට ඉල්ලා සිටිය හැකි අතර, 0 කිසිසේත්ම වේදනාවක් නොමැති අතර, ඔවුන්ට මෙතෙක් දැනී ඇති දරුණුතම වේදනාව 10 කි. මැක්ගිල් වේදනා ප්‍රශ්නාවලිය සම්පූර්ණ කිරීමෙන් රෝගියාගේ වේදනාව වඩාත් හොඳින් විස්තර කරන්නේ කුමන වචනද යන්න සඳහන් කිරීමෙන් ගුණාත්මකභාවය තහවුරු කර ගත හැකිය. මැක්ගිල් වේදනා ප්‍රශ්නාවලිය සම්පූර්ණ කිරීමෙන් රෝගියාගේ වේදනාව වඩාත් හොඳින් විස්තර කරන්නේ කුමන වචනද යන්න සඳහන් කිරීමෙන් ගුණාත්මකභාවය තහවුරු කර ගත හැකිය.",වේදනාවේ වඩාත්ම විශ්වාසදායක මිනුම කුමක්ද?,පුද්ගලයාගේ ස්වයං වාර්තාව
26,1980,"නෙප්චූන් යුරේනස් සංයුතියට සමාන වන අතර දෙකම විශාල වායු යෝධයන් වන බ්‍රහස්පති සහ සෙනසුරුගේ සංයුතියට වඩා වෙනස් වේ. බ්‍රහස්පති සහ සෙනසුරු මෙන් නෙප්චූන්ගේ වායුගෝලය මූලික වශයෙන් හයිඩ්‍රජන් හා හීලියම් වලින් සමන්විත වන අතර හයිඩ්‍රොකාබන හා සමහරවිට නයිට්‍රජන් හෝඩුවාවන් අඩංගු වේ, නමුත් ජලය, ඇමෝනියා සහ මීතේන් වැනි “අයිස්” වැඩි ප්‍රමාණයක් අඩංගු වේ. කෙසේ වෙතත්, එහි අභ්‍යන්තරය යුරේනස් මෙන් මූලික වශයෙන් අයිස් හා පාෂාණ වලින් සමන්විත වන අතර එම නිසා යුරේනස් සහ නෙප්චූන් සාමාන්‍යයෙන් මෙම වෙනස අවධාරණය කිරීම සඳහා ""අයිස් යෝධයන්"" ලෙස සැලකේ. පෘථිවියේ නිල් පැහැති පෙනුමට අර්ධ වශයෙන් පිටත ප්‍රදේශවල මීතේන් පිළිබඳ අංශු මාත්‍ර ඇත. පෘථිවියේ නිල් පැහැති පෙනුමට අර්ධ වශයෙන් පිටත ප්‍රදේශවල මීතේන් පිළිබඳ අංශු මාත්‍ර ඇත.",නෙප්චූන් වලට සංයුතියෙන් සමාන වන ග්‍රහලෝකය කුමක්ද?,යුරේනස්
27,1981,"ටයිම්ස් විසින් 1931 දී මොනෝටයිප් හි ඉංග්‍රීසි ශාඛාවේදී වික්ටර් ලාර්ඩන්ට් විසින් නිර්මාණය කරන ලද සෙරීෆ් ටයිප්ෆේස් ටයිම්ස් නිව් රෝමන් විසින් ආරම්භ කරන ලදී. මෙම අකුරු මොරිසන් විසින් අධීක්ෂණය කරන ලද අතර ටයිම්ස් හි වෙළඳ ප්‍රචාරණ අංශයේ චිත්‍ර ශිල්පියෙකු වන වික්ටර් ලාර්ඩන්ට් විසින් අඳින ලදී. මොරිසන් සිය සැලසුම සඳහා පදනම ලෙස ප්ලාන්ටින් නම් පැරණි අකුරු භාවිතා කළ නමුත් අවකාශයේ නිරවද්‍යතාවය සහ ආර්ථිකය සඳහා සංශෝධන සිදු කළේය. ටයිම්ස් නිව් රෝමන් 1932 ඔක්තෝබර් 3 කලාපයේ තිරගත විය. වසරකට පසු මෙම සැලසුම වාණිජ විකිණීම සඳහා නිකුත් කරන ලදී. ටයිම්ස් ටයිම්ස් නිව් රෝමන් සමඟ වසර 40 ක් රැඳී සිටියද, නව නිෂ්පාදන ක්‍රමවේදයන් සහ 2004 දී බ්‍රෝඩ්ෂීට් සිට ටැබ්ලොයිඩ් දක්වා වූ ආකෘතිය වෙනස් වීම නිසා 1972 සිට පුවත්පත පස් වතාවක් අකුරු මාරු විය. කෙසේ වෙතත්, සියලු නව අකුරු මුල් නිව් හි ප්‍රභේද වේ රෝම අකුරු: කෙසේ වෙතත්, සියලුම නව අකුරු මුල් නව රෝම අකුරු වල ප්‍රභේද වේ:",ටයිම්ස් නිව් රෝමන් පදනම් කර ඇති යතුරු පුවරුවේ නම කුමක්ද?,ප්ලාන්ටින්
28,1982,"මෙම ක්‍රමය මඟින් තැටියේ පැහැදිලි ප්ලාස්ටික් හිස් කොටසක් නිපදවයි. ලෝහමය පරාවර්තක තට්ටුවක් (සාමාන්‍යයෙන් ඇලුමිනියම්, නමුත් සමහර විට රන් හෝ වෙනත් ලෝහ) පැහැදිලි හිස් උපස්ථරයකට යොදන විට, තැටිය සුව කිරීම සඳහා පාරජම්බුල කිරණ යටතේ යන අතර එය සම්පීඩනයට යාමට සූදානම්ය. සංයුක්ත තැටියක් එබීමට සූදානම් වීම සඳහා, වීදුරු මාස්ටර් සාදනු ලැබේ, සීඩී ලේඛකයෙකුට සමාන උපාංගයක අධි බලැති ලේසර් භාවිතා කරයි. වීදුරු මාස්ටර් යනු අපේක්ෂිත සංයුක්ත තැටියේ ධනාත්මක රූපයකි (අපේක්ෂිත අන්වීක්ෂීය වලවල් සහ ඉඩම් සමඟ). පරීක්ෂා කිරීමෙන් පසුව, එය ලෝහ තැටියකට එබීමෙන් ඩයි එකක් සෑදීමට යොදා ගනී. පරීක්ෂා කිරීමෙන් පසුව, එය ලෝහ තැටියකට එබීමෙන් ඩයි එකක් සෑදීමට යොදා ගනී.",වීදුරු මාස්ටර් යනු කුමක්ද?,අපේක්ෂිත සංයුක්ත තැටියේ ධනාත්මක රූපය
29,1983,"ස්පා Spanish ් exp ගවේෂකයෙකු වන ඇලොන්සෝ ඩි සලාසාර් 1526 දී දූපත් නැරඹූ පළමු යුරෝපීයයා වූ අතර, ලොආසා ගවේෂණයේ ඉතිරිව ඇති එකම නෞකාව වන සැන්ටා මාරියා ඩි ලා වික්ටෝරියා නෞකාවට අණ දෙන ලදී. අගෝස්තු 21 වන දින, ඔහු 14 ° N දී දූපතක් (බොහෝ විට ටාවොන්ගි) දුටුවේය, ඔහු ""සැන් බාර්ටොලෝම්"" ලෙස නම් කළේය. ස්පා Spanish ් exp ගවේෂකයෙකු වන ඇලොන්සෝ ඩි සලාසාර් 1526 දී දූපත් නැරඹූ පළමු යුරෝපීයයා වූ අතර, ලොආසා ගවේෂණයේ ඉතිරිව ඇති එකම නෞකාව වන සැන්ටා මාරියා ඩි ලා වික්ටෝරියා නෞකාවට අණ දෙන ලදී. අගෝස්තු 21 වන දින, ඔහු 14 ° N දී දූපතක් (බොහෝ විට ටාවොන්ගි) දුටුවේය, ඔහු ""සැන් බාර්ටොලෝම්"" ලෙස නම් කළේය.",මාෂල් දූපත් නිරීක්ෂණය කළ පළමු යුරෝපීයයාගේ ජාතිකත්වය කුමක්ද?,ස්පාඤ්ඤ
30,1984,"අවසාන තරඟකරුවන් දෙදෙනාම ප්‍රසංගයෙන් පසු සාර්ථකත්වය අත්කර ගත් නමුත් අයිකන් ස්ටූඩ්ඩ්ගේ කිරීටක ගීතය වන ""පියාසර රහිත පියාපත්"" ගීතය ඔහුගේ එකම නිකුතුව වන ""මෙය රාත්‍රිය"" ප්‍රසංගයෙන් මෙන්ම ඔවුන්ගේ ඇල්බම නිකුතුවලින් ද ඉදිරිපත් කළේය. සිව්වන ස්ථානය දිනාගත් ජොෂ් ග්‍රැසින් ද රටේ ගායකයෙකු ලෙස යම් සාර්ථකත්වයක් භුක්ති වින්දා. සිව්වන ස්ථානය දිනාගත් ජොෂ් ග්‍රැසින් ද රටේ ගායකයෙකු ලෙස යම් සාර්ථකත්වයක් භුක්ති වින්දා.",ඇමරිකානු අයිඩල් අහිමි වීමෙන් පසු ක්ලේ අයිකන් ප්‍රථම වරට නිකුත් කළ ගීතය කුමක්ද?,මේ රාත්‍රියයි
31,1985,මේ රාත්‍රියයි අධිකරණ ස්වාධීනත්වය පිළිබඳ උත්සුකයන් මතු කරමින් 1999 දී වාසස්ථානය පිළිබඳ අයිතිය සැලකිල්ලට ගනිමින් මෙම විධිවිධානය මතභේදාත්මක විය.,ජාතික මහජන සම්මේලනයේ ස්ථාවර කමිටුව වාඩි වී සිටින්නේ කුමන නගරයේද?,බීජිං
32,1986,"බීජිං... බුද්ධිමය චින්තනයේ පැහැදිලි රේඛා දෙකක් තිබුණි: ස්පිනෝසාගේ දර්ශනයෙන් ආනුභාව ලත් රැඩිකල් en ානාලෝකය, ප්‍රජාතන්ත්‍රවාදය, පුද්ගල නිදහස, අදහස් ප්‍රකාශ කිරීමේ නිදහස සහ ආගමික අධිකාරිය තුරන් කිරීම වෙනුවෙන් පෙනී සිටීම; ප්‍රතිසංස්කරණ සහ සාම්ප්‍රදායික බලය සහ ඇදහිල්ල අතර නවාතැන් සෙවූ රෙනේ ඩෙස්කාට්ස්, ජෝන් ලොක්, ක්‍රිස්ටියන් වුල්ෆ්, අයිසැක් නිව්ටන් සහ තවත් අයගේ සහාය ඇතිව දෙවන වඩාත් මධ්‍යස්ථ ප්‍රභේදයකි. චින්තන රේඛා දෙකටම ගතානුගතික ප්‍රති-බුද්ධත්වය විරුද්ධ විය.",ප්‍රතිසංස්කරණ සහ සාම්ප්‍රදායික බලය හා ඇදහිල්ල අතර නවාතැන් ගැනීමට උත්සාහ කළ ප්‍රබුද්ධ දාර්ශනිකයන් කවුද?,"රෙනේ ඩෙස්කාට්ස්, ජෝන් ලොක්, ක්‍රිස්ටියන් වුල්ෆ්, අයිසැක් නිව්ටන් සහ තවත් අය"
33,1987,"මෙනන්ඩර් ප්‍රොටෙක්ටර්, ඩැරෙන්ටියස් (577–579) ගැන සඳහන් කර ඇත්තේ, කගන් බයාන් I හි අවාර් තානාපතිවරයෙකුව killed ාතනය කළ බවයි. අපි ඔවුන්ව පරාජය කරමු - එබැවින් එය සැමවිටම අපට වේ. අවාර්වරු ස්ලාව් ජාතිකයන්ගෙන් ඉල්ලා සිටියේ අවාර්වරුන්ගේ ආධිපත්‍යය පිළිගන්නා ලෙසයි. කෙසේ වෙතත් ඔහු එය ප්‍රතික්ෂේප කළ අතර, “අනෙක් අය අපේ ඉඩම යටත් කරගන්නේ නැත, අපි ඔවුන්ගේ ඉඩම් අත්පත් කර ගනිමු - එබැවින් එය සැමවිටම අපට වේ”.",පළමුවන කගන් බයාන් දූතයෙකු w ාතනය කළේ කවුද?,ඩොරෙන්ටියස්
34,1988,ඒඑෆ්එල් මත පදනම් වූ පළමු වීඩියෝ ක්‍රීඩාව 1988 දී නිකුත් කරන ලද සී -64 සඳහා අරීනා පාපන්දු ය. 2000 මැයි 18 වන දින කර්ට් වෝනර්ගේ අරීනා පාපන්දු මුදා හැරීම මිඩ්වේ ගේම්ස් විසින් ප්ලේස්ටේෂන් ක්‍රීඩා කොන්සෝලය සඳහා නිකුත් කරන ලදී. 2006 පෙබරවාරි 7 වන දින ඊඒ ස්පෝර්ට්ස් විසින් ප්ලේස්ටේෂන් 2 සහ එක්ස්බොක්ස් සඳහා අරීනා පාපන්දු නිකුත් කරන ලදී. ඊඒ ස්පෝර්ට්ස් විසින් 2007 පෙබරවාරි 21 වන දින ප්ලේස්ටේෂන් 2 සඳහා තවත් ඒඑෆ්එල් වීඩියෝ ක්‍රීඩාවක් ඇරීනා පාපන්දු: රෝඩ් ටු ග්ලෝරි නමින් නිකුත් කරන ලදී. ඊඒ ස්පෝර්ට්ස් විසින් 2007 පෙබරවාරි 21 වන දින ප්ලේස්ටේෂන් 2 සඳහා තවත් ඒඑෆ්එල් වීඩියෝ ක්‍රීඩාවක් ඇරීනා පාපන්දු: රෝඩ් ටු ග්ලෝරි නමින් නිකුත් කරන ලදී.,පළමු අරීනා පාපන්දු ලීග් වීඩියෝ ක්‍රීඩාව නිකුත් කළේ කුමන වර්ෂයේදීද?,1988
35,1989,1988 ක්ෂය වූ යුරේනියම් වලට නිරාවරණය වීමේ ප්‍රධාන අවදානම වන්නේ විකිරණශීලීතාවයට වඩා යුරේනියම් ඔක්සයිඩ් මගින් රසායනික විෂ වීමයි (යුරේනියම් දුර්වල ඇල්ෆා විමෝචකයක් පමණි).,ක්ෂය වූ යුරේනියම් ගයිරොස්කොපික් මාලිමා වල භාවිතා කිරීමට හේතු වන ගති ලක්ෂණය කුමක්ද?,ඉහළ ity නත්වය
36,1990,ඉහළ ity නත්වය... බ්‍රිතාන්‍යයන් මාර්තු මාසයේ ද ඇමරිකානුවන් 1970 ජුනි මාසයේදී ද පිටත්ව ගියහ.,බලයන් හතරෙන් සමන්විත ජාතීන් මොනවාද?,"ප්‍රංශය, එක්සත් රාජධානිය, එක්සත් ජනපදය සහ සෝවියට් සංගමය"
37,1991,"සන්ඩේ ටයිම්ස් ටයිම්ස් පුවත්පතට වඩා සැලකිය යුතු ඉහළ සංසරණයක් ඇති අතර සමහර විට සන්ඩේ ටෙලිග්‍රාෆ් අභිබවා යයි. 2013 ජනවාරි වන විට ටයිම්ස් හි සංසරණය 399,339 ක් වන අතර සන්ඩේ ටයිම්ස් 885,612 වේ. 2013 ජනවාරි වන විට ටයිම්ස් හි සංසරණය 399,339 ක් වන අතර සන්ඩේ ටයිම්ස් 885,612 වේ.",2013 ජනවාරි වන විට සන්ඩේ ටයිම්ස් පුවත්පතේ කොපමණ පිරිසකගේ සංසරණයක් තිබේද?,"885,612 කි"
38,1992,"දාර්ශනික ආනුභවවාදීන් නිසි ලෙස අනුමාන කිරීමට හෝ අඩු කිරීමට දැනුමක් නැත. මෙම මතය පොදුවේ තාර්කිකත්වයට වඩා වෙනස් ය, එයින් කියවෙන්නේ දැනුම ඉන්ද්‍රියයන්ගෙන් ස්වාධීනව තර්කානුකූලව ලබා ගත හැකි බවයි. නිදසුනක් වශයෙන්, ජෝන් ලොක්ගේ අදහස වූයේ යම් දැනුමක් (උදා: දෙවියන්ගේ පැවැත්ම පිළිබඳ දැනුම) බුද්ධිය සහ තර්කනය තුළින් පමණක් ලබා ගත හැකි බවයි. ඒ හා සමානව පර්යේෂණාත්මක ක්‍රමවේදය පිළිබඳ ප්‍රකට උපදේශකයෙකු වන රොබට් බොයිල් කියා සිටියේ අපට සහජ අදහස් ඇති බවයි. ප්‍රධාන මහාද්වීපික තාර්කිකවාදීන් (ඩෙස්කාට්ස්, ස්පිනෝසා සහ ලිබ්නිස්) ද ආනුභවික “විද්‍යාත්මක ක්‍රමය” වෙනුවෙන් පෙනී සිටියහ. ප්‍රධාන මහාද්වීපික තාර්කිකවාදීන් (ඩෙස්කාට්ස්, ස්පිනෝසා සහ ලිබ්නිස්) ද ආනුභවික “විද්‍යාත්මක ක්‍රමය” වෙනුවෙන් පෙනී සිටියහ.",යම් දැනුමක් ලැබිය හැකි යැයි ලොක් සිතුවේ කුමක්ද?,ප්‍රතිභානය සහ තර්කනය පමණක්
39,1993,ප්‍රතිභානය සහ තර්කනය පමණක් වර්ජිනියාවේ රිච්මන්ඩ් නගරයට දකුණින් සැතපුම් 155 ක් (කි.මී.,රයිලි පිහිටා ඇත්තේ කොහේද?,උතුරු කැරොලිනාවේ ඊසානදිග මධ්‍යම කලාපය
40,1994,"බොහෝ historical තිහාසික වාර්තාවල දැක්වෙන්නේ 1502 මැයි 21 වන දින ගැලීසියානු නාවිකයා වන ජොනෝ ඩා නෝවා පෘතුගාලයේ සේවයේ යෙදී සිටියදී මෙම දූපත සොයා ගත් බවත් ඔහු කොන්ස්ටන්ටිනෝපල් හි හෙලේනාගේ නමට “සැන්ටා හෙලේනා” යන නම තැබූ බවත් ය. තවත් න්‍යායකට අනුව, ඩෝ නෝවා විසින් සොයාගත් දූපත සැබවින්ම දකුණට කිලෝමීටර් 2,430 ක් (සැතපුම් 1,510) දුරින් පිහිටි ට්‍රිස්ටන් ඩා කුන්හා වන අතර 1503 ජූලි 30 වන දින එස්ටාවෝ ඩා ගමා ගවේෂණයේ යෙදී සිටි සමහර නැව් මගින් ශාන්ත හෙලේනා සොයා ගන්නා ලදී. (ලිපිකරු තෝමේ ලොප්ස්ගේ වාර්තාවේ සඳහන් පරිදි). කෙසේ වෙතත්, 2015 දී ප්‍රකාශයට පත් කරන ලද පුවත්පතක් සොයා ගැනීමේ දිනය සමාලෝචනය කළ අතර, අගෝස්තු 18 දා නෝවාට සොයා ගැනීමක් ප්‍රමාද වී ඇති අතර, ඔහු ශාන්ත හෙලේනා හෝ ට්‍රිස්ටන් ඩා කුන්හා වෙතින් යාත්‍රා කළත්, 1502 සැප්තැම්බර් 11 වන විට ලිස්බන් වෙත ආපසු පැමිණියේය. එය පෙන්නුම් කරන්නේ මැයි 21 බොහෝ විට කතෝලික හෝ ඕතඩොක්ස් මංගල්‍ය දිනයට වඩා රෙපරමාදු භක්තිකයෙකු විය හැකි බවයි. 1596 දී පළමුවෙන්ම උපුටා දැක්වූයේ ජෑන් හියුගන් වැන් ලින්ෂොටන් විසිනි. ඔහු බොහෝ විට වැරදියට තේරුම් ගෙන ඇත්තේ රෙපරමාදු ආගමේ ප්‍රතිසංස්කරණ හා ආරම්භයට දශක කිහිපයකට පෙර දූපත සොයාගත් බැවිනි. විකල්ප සොයාගැනීමේ දිනය මැයි 3 වන දින, ජෙරුසලමේ ශාන්ත හෙලේනා විසින් සත්‍ය කුරුසය සොයා ගැනීම සඳහා වූ කතෝලික මංගල්ය දිනය, ඔඩෝඩෝ ඩුවාර්ට් ලොප්ස් සහ ශ්‍රීමත් තෝමස් හර්බට් උපුටා දක්වමින් histor තිහාසිකව වඩා විශ්වසනීය යැයි යෝජනා කෙරේ. විකල්ප සොයාගැනීමේ දිනය මැයි 3 වන දින, ජෙරුසලමේ ශාන්ත හෙලේනා විසින් සත්‍ය කුරුසය සොයා ගැනීම සඳහා වූ කතෝලික මංගල්ය දිනය, ඔඩෝඩෝ ඩුවාර්ට් ලොප්ස් සහ ශ්‍රීමත් තෝමස් හර්බට් උපුටා දක්වමින් histor තිහාසිකව වඩා විශ්වසනීය යැයි යෝජනා කෙරේ.",දිවයින සොයාගත් නාවිකයා කවුද?,ජොආනෝ ඩා නෝවා
41,1995,"ජොආනෝ ඩා නෝවා... වාද්‍ය වෘන්දයන්ට තවදුරටත් වීණා වාදනයක් අවශ්‍ය නොවීය (එය බැරොක් විලාසිතාවේ සාම්ප්‍රදායික අඛණ්ඩතාවයේ කොටසක් විය), බොහෝ විට ප්‍රධාන පෙළේ වයලීන වාදකයෙකු (වර්තමානයේ ප්‍රසංග මාස්ටර් ලෙස හැඳින්වේ) විසින් මෙහෙයවනු ලැබීය.",සම්භාව්‍ය යුගය කවදාද?,1750 සිට 1820 දක්වා
42,1996,හඳුන්වා දුන් සියලුම විශේෂ ආක්‍රමණික හෝ ආක්‍රමණික විශේෂ සියල්ලම හිතාමතා හඳුන්වා දී නොමැත. සීබ්‍රා මුසල් වැනි අවස්ථාවන්හිදී එක්සත් ජනපද ජල මාර්ග ආක්‍රමණය කිරීම නොදැනුවත්ව සිදු විය. හවායි හි මොන්ගෝස් වැනි වෙනත් අවස්ථාවලදී හැඳින්වීම හිතාමතාම නමුත් අකාර්යක්ෂමයි (නිශාචර මීයන් දිනපතා මුන්ගුස් වලට ගොදුරු නොවීය). ඉන්දුනීසියාවේ සහ මැලේසියාවේ තෙල් ගස් වැනි වෙනත් අවස්ථාවල දී හඳුන්වාදීම සැලකිය යුතු ආර්ථික ප්‍රතිලාභ ලබා දෙන නමුත් ප්‍රතිලාභ සමඟ මිල අධික අනපේක්ෂිත ප්‍රතිවිපාක ද ලැබේ. ඉන්දුනීසියාවේ සහ මැලේසියාවේ තෙල් ගස් වැනි වෙනත් අවස්ථාවල දී හඳුන්වාදීම සැලකිය යුතු ආර්ථික ප්‍රතිලාභ ලබා දෙන නමුත් ප්‍රතිලාභ සමඟ මිල අධික අනපේක්ෂිත ප්‍රතිවිපාක ද ලැබේ.,හිතාමතාම හවායි ආක්‍රමණය කළ සත්වයා කුමක්ද?,mongooses
43,1997,"නීති විරෝධී දූෂණයට ලක්වන ක්‍රියාකාරකම් රට හෝ අධිකරණ බලය අනුව වෙනස් වේ. නිදසුනක් වශයෙන්, එක් ස්ථානයක නීත්‍යානුකූල වන සමහර දේශපාලන අරමුදල් භාවිතයන් වෙනත් ස්ථානයක නීති විරෝධී විය හැකිය. සමහර අවස්ථාවල රජයේ නිලධාරීන්ට පුළුල් හෝ වැරදි අර්ථකථන බලතල ඇති අතර එමඟින් නීතිමය සහ නීති විරෝධී ක්‍රියා අතර වෙනස හඳුනා ගැනීම දුෂ්කර වේ. ලොව පුරා අල්ලස් සඳහා පමණක් වාර්ෂිකව ඇමරිකානු ඩොලර් ට්‍රිලියන 1 කට අධික ප්‍රමාණයක් වැයවනු ඇතැයි ගණන් බලා තිබේ. පාලනයකින් තොර දේශපාලන දූෂිත තත්වයක් ක්ලෙප්ටොක්‍රසි ලෙස හැඳින්වේ, එහි තේරුම “සොරුන් විසින් පාලනය කිරීම” යන්නයි. පාලනයකින් තොර දේශපාලන දූෂිත තත්වයක් ක්ලෙප්ටොක්‍රසි ලෙස හැඳින්වේ, එහි තේරුම “සොරුන් විසින් පාලනය කිරීම” යන්නයි.",දේශපාලන දූෂණය ලෙස සැලකෙන දෙය එකිනෙකට වෙනස් වන්නේ කුමක් ද?,රට හෝ අධිකරණ බලය
44,1998,වෘත්තීය සේවාවන් සමඟ මාධ්‍ය සමාගම් ලන්ඩනයේ කේන්ද්‍රගත වී ඇති අතර මාධ්‍ය බෙදාහැරීමේ කර්මාන්තය ලන්ඩනයේ දෙවන වඩාත් තරඟකාරී අංශය වේ. බීබීසී සැලකිය යුතු සේවා යෝජකයෙකු වන අතර අනෙකුත් විකාශකයින්ට නගරය වටා මූලස්ථානය ද ඇත. බොහෝ ජාතික පුවත්පත් ලන්ඩනයේ සංස්කරණය කෙරේ. ලන්ඩන් ප්‍රධාන සිල්ලර වෙළඳ මධ්‍යස්ථානයක් වන අතර 2010 දී ලෝකයේ ඕනෑම නගරයක වැඩිම ආහාර නොවන සිල්ලර විකුණුම් ඇති අතර මුළු වියදම ඩොලර් බිලියන 64.2 ක් පමණ වේ. සෑම වසරකම ටොන් මිලියන 45 ක භාණ්ඩ ප්‍රවාහනය කරන එක්සත් රාජධානියේ දෙවන විශාලතම ලන්ඩන් වරාය වේ. සෑම වසරකම ටොන් මිලියන 45 ක භාණ්ඩ ප්‍රවාහනය කරන එක්සත් රාජධානියේ දෙවන විශාලතම ලන්ඩන් වරාය වේ.,ලන්ඩනයේ දෙවන වඩාත් තරඟකාරී කර්මාන්තය කුමක්ද?,මාධ්‍ය බෙදා හැරීම
45,1999,"ජෝර්ජ් ඕවල්ගේ දහනව වන අසූ හතරේ ඩිස්ටෝපියානු අනාගත ලෝකයේ, ටයිම්ස් ඒකාධිපති පාලක පක්ෂයේ අවයවයක් බවට පරිවර්තනය වී ඇති අතර, එහි කතුවැකි - ඒවායින් කිහිපයක්ම පොතේ උපුටා දක්වා ඇත - බිග් බ්‍රදර්ගේ ප්‍රකාශ පිළිබිඹු කරයි.",දහනව අසූ හතරේ කතුවරයාගේ නම කුමක්ද?,ජෝර්ජ් ඕවල්
